{"properties": [
  {
    "name": "ribbon.ConnectTimeout",
    "type": "java.lang.String",
    "description": "A description for 'ribbon.ConnectTimeout'"
  },
  {
    "name": "ribbon.ReadTimeout",
    "type": "java.lang.String",
    "description": "A description for 'ribbon.ReadTimeout'"
  },
  {
    "name": "ribbon.ConnectTimeout",
    "type": "java.lang.String",
    "description": "A description for 'ribbon.ConnectTimeout'"
  },
  {
    "name": "ribbon.ReadTimeout",
    "type": "java.lang.String",
    "description": "A description for 'ribbon.ReadTimeout'"
  }
]}